[
	{
		"id": 1,
		"name": "Malla",
		"reg": "200968009",
		"section": "B",
		"phone": "xxxxxxxxxx",
		"address": "Manipal",
		"branch": "DSE",
		"degree": "B.Tech",
		"year": "3",
		"semester": "V",
		"college": "MIT"	
	},
	{
		"id": 2,
		"name": "Chikki",
		"reg": "200968030",
		"section": "B",
		"phone": "xxxxxxxxxx",
		"address": "Manipal",
		"branch": "DSE",
		"degree": "B.Tech",
		"year": "3",
		"semester": "V",
		"college": "MIT"
	},
	{
		"id": 3,
		"name": "Suryavanshi",
		"reg": "200968033",
		"section": "B",
		"phone": "xxxxxxxxxx",
		"address": "Manipal",
		"branch": "DSE",
		"degree": "B.Tech",
		"year": "3",
		"semester": "V",
		"college": "MIT"
	},
	{
		"id": 4,
		"name": "AbsterJr",
		"reg": "200968048",
		"section": "B",
		"phone": "xxxxxxxxxx",
		"address": "Manipal",
		"branch": "DSE",
		"degree": "B.Tech",
		"year": "3",
		"semester": "V",
		"college": "MIT"
	},
	{
		"id": 5,
		"name": "Harami",
		"reg": "200968051",
		"section": "B",
		"phone": "xxxxxxxxxx",
		"address": "Manipal",
		"branch": "DSE",
		"degree": "B.Tech",
		"year": "3",
		"semester": "V",
		"college": "MIT"
	},
	{
		"id": 6,
		"name": "Shu",
		"reg": "200968056",
		"section": "B",
		"phone": "xxxxxxxxxx",
		"address": "Manipal",
		"branch": "DSE",
		"degree": "B.Tech",
		"year": "3",
		"semester": "V",
		"college": "MIT"
	},
	{
		"id": 7,
		"name": "Magus",
		"reg": "200968076",
		"section": "B",
		"phone": "xxxxxxxxxx",
		"address": "Manipal",
		"branch": "DSE",
		"degree": "B.Tech",
		"year": "3",
		"semester": "V",
		"college": "MIT"
	},
	{
		"id": 8,
		"name": "Vaarunya",
		"reg": "200968086",
		"section": "B",
		"phone": "xxxxxxxxxx",
		"address": "Manipal",
		"branch": "DSE",
		"degree": "B.Tech",
		"year": "3",
		"semester": "V",
		"college": "MIT"
	},
	{
		"id": 9,
		"name": "Arya",
		"reg": "200968102",
		"section": "B",
		"phone": "xxxxxxxxxx",
		"address": "Manipal",
		"branch": "DSE",
		"degree": "B.Tech",
		"year": "3",
		"semester": "V",
		"college": "MIT"
	},
	{
		"id": 10,
		"name": "Mongu",
		"reg": "200968110",
		"section": "B",
		"phone": "xxxxxxxxxx",
		"address": "Manipal",
		"branch": "DSE",
		"degree": "B.Tech",
		"year": "3",
		"semester": "V",
		"college": "MIT"
	}
]